ID,OID,Title,Description,Option,Price,Image Location
R123,RED,Roses,These are red roses ,red,10,../../media/roses.png
R123,PNK,Roses,These are pink roses ,pink,10,../../media/roses.png
R123,WHT,Roses,These are white roses,white,10,../../media/roses.png
T123,RED,Tullips,These are red tullips ,red,15,../../media/tulip.png
T123,PNK,Tullips,These are pink tullips ,pink,15,../../media/tulip.png
T123,WHT,Tullips,These are white tullips,white,15,../../media/tulip.png
L123,RED,Lilies,These are red lilies ,red,20,../../media/lily.png
L123,PNK,Lilies,These are pink lilies ,pink,20,../../media/lily.png
L123,WHT,Lilies,These are white lilies,white,20,../../media/lily.png